{
  "small": {
    "space": {
      "tokenizer": "space",
      "accuracy": 100.0,
      "perfect_count": 1855,
      "total_texts": 1855,
      "total_tokens": 463411,
      "total_chars": 1049300,
      "total_time": 0.49639391899108887,
      "avg_processing_time": 0.0002675977999951962,
      "chars_per_second": 2113845.395472777,
      "tokens_per_char": 0.4416382350138187
    },
    "word": {
      "tokenizer": "word",
      "accuracy": 100.0,
      "perfect_count": 1855,
      "total_texts": 1855,
      "total_tokens": 463703,
      "total_chars": 1049300,
      "total_time": 0.6141011714935303,
      "avg_processing_time": 0.0003310518444709058,
      "chars_per_second": 1708676.1086093364,
      "tokens_per_char": 0.4419165157724197
    },
    "char": {
      "tokenizer": "char",
      "accuracy": 100.0,
      "perfect_count": 1855,
      "total_texts": 1855,
      "total_tokens": 1049300,
      "total_chars": 1049300,
      "total_time": 1.041233777999878,
      "avg_processing_time": 0.0005613120097034383,
      "chars_per_second": 1007746.7924788385,
      "tokens_per_char": 1.0
    },
    "grammar": {
      "tokenizer": "grammar",
      "accuracy": 100.0,
      "perfect_count": 1855,
      "total_texts": 1855,
      "total_tokens": 463703,
      "total_chars": 1049300,
      "total_time": 0.7922208309173584,
      "avg_processing_time": 0.00042707322421420936,
      "chars_per_second": 1324504.4298885132,
      "tokens_per_char": 0.4419165157724197
    },
    "subword": {
      "tokenizer": "subword",
      "accuracy": 100.0,
      "perfect_count": 1855,
      "total_texts": 1855,
      "total_tokens": 591434,
      "total_chars": 1049300,
      "total_time": 1.0608868598937988,
      "avg_processing_time": 0.0005719066630155249,
      "chars_per_second": 989078.1379882877,
      "tokens_per_char": 0.56364624035071
    },
    "bpe": {
      "tokenizer": "bpe",
      "accuracy": 100.0,
      "perfect_count": 1855,
      "total_texts": 1855,
      "total_tokens": 897101,
      "total_chars": 1049300,
      "total_time": 1.705967903137207,
      "avg_processing_time": 0.0009196592469742356,
      "chars_per_second": 615076.0504171146,
      "tokens_per_char": 0.8549518726770228
    },
    "syllable": {
      "tokenizer": "syllable",
      "accuracy": 100.0,
      "perfect_count": 1855,
      "total_texts": 1855,
      "total_tokens": 551874,
      "total_chars": 1049300,
      "total_time": 1.0116751194000244,
      "avg_processing_time": 0.000545377422857156,
      "chars_per_second": 1037190.6750284509,
      "tokens_per_char": 0.5259449156580578
    },
    "frequency": {
      "tokenizer": "frequency",
      "accuracy": 100.0,
      "perfect_count": 1855,
      "total_texts": 1855,
      "total_tokens": 846908,
      "total_chars": 1049300,
      "total_time": 1.528182029724121,
      "avg_processing_time": 0.0008238178057811973,
      "chars_per_second": 686632.8615246363,
      "tokens_per_char": 0.8071171257028495
    },
    "byte": {
      "tokenizer": "byte",
      "accuracy": 100.0,
      "perfect_count": 1855,
      "total_texts": 1855,
      "total_tokens": 1049481,
      "total_chars": 1049300,
      "total_time": 1.454758882522583,
      "avg_processing_time": 0.0007842365943517967,
      "chars_per_second": 721287.9141734411,
      "tokens_per_char": 1.0001724959496807
    }
  },
  "medium": {
    "space": {
      "tokenizer": "space",
      "accuracy": 100.0,
      "perfect_count": 18529,
      "total_texts": 18529,
      "total_tokens": 4631921,
      "total_chars": 10486277,
      "total_time": 4.889495849609375,
      "avg_processing_time": 0.000263883417864395,
      "chars_per_second": 2144654.034390428,
      "tokens_per_char": 0.44171263070773353
    },
    "word": {
      "tokenizer": "word",
      "accuracy": 100.0,
      "perfect_count": 18529,
      "total_texts": 18529,
      "total_tokens": 4634994,
      "total_chars": 10486277,
      "total_time": 5.579253196716309,
      "avg_processing_time": 0.00030110924479012944,
      "chars_per_second": 1879512.6570293922,
      "tokens_per_char": 0.44200568037636234
    },
    "char": {
      "tokenizer": "char",
      "accuracy": 100.0,
      "perfect_count": 18529,
      "total_texts": 18529,
      "total_tokens": 10486277,
      "total_chars": 10486277,
      "total_time": 10.542819261550903,
      "avg_processing_time": 0.0005689901916752605,
      "chars_per_second": 994636.8935909667,
      "tokens_per_char": 1.0
    },
    "grammar": {
      "tokenizer": "grammar",
      "accuracy": 100.0,
      "perfect_count": 18529,
      "total_texts": 18529,
      "total_tokens": 4634994,
      "total_chars": 10486277,
      "total_time": 5.577982187271118,
      "avg_processing_time": 0.0003010406491052468,
      "chars_per_second": 1879940.926295811,
      "tokens_per_char": 0.44200568037636234
    },
    "subword": {
      "tokenizer": "subword",
      "accuracy": 100.0,
      "perfect_count": 18529,
      "total_texts": 18529,
      "total_tokens": 5911542,
      "total_chars": 10486277,
      "total_time": 10.599169969558716,
      "avg_processing_time": 0.000572031408578915,
      "chars_per_second": 989348.8858200265,
      "tokens_per_char": 0.5637407823577424
    },
    "bpe": {
      "tokenizer": "bpe",
      "accuracy": 100.0,
      "perfect_count": 18529,
      "total_texts": 18529,
      "total_tokens": 8967346,
      "total_chars": 10486277,
      "total_time": 17.268290758132935,
      "avg_processing_time": 0.0009319602114594924,
      "chars_per_second": 607256.221642042,
      "tokens_per_char": 0.8551505934851806
    },
    "syllable": {
      "tokenizer": "syllable",
      "accuracy": 100.0,
      "perfect_count": 18529,
      "total_texts": 18529,
      "total_tokens": 5516625,
      "total_chars": 10486277,
      "total_time": 10.552159070968628,
      "avg_processing_time": 0.0005694942560833628,
      "chars_per_second": 993756.5316703873,
      "tokens_per_char": 0.5260804191993022
    },
    "frequency": {
      "tokenizer": "frequency",
      "accuracy": 100.0,
      "perfect_count": 18529,
      "total_texts": 18529,
      "total_tokens": 8465486,
      "total_chars": 10486277,
      "total_time": 15.38418459892273,
      "avg_processing_time": 0.0008302760321076544,
      "chars_per_second": 681627.0912879125,
      "tokens_per_char": 0.8072918539153601
    },
    "byte": {
      "tokenizer": "byte",
      "accuracy": 100.0,
      "perfect_count": 18529,
      "total_texts": 18529,
      "total_tokens": 10488321,
      "total_chars": 10486277,
      "total_time": 14.741630792617798,
      "avg_processing_time": 0.0007955977544723298,
      "chars_per_second": 711337.6496480457,
      "tokens_per_char": 1.0001949214196801
    }
  },
  "large": {
    "space": {
      "tokenizer": "space",
      "accuracy": 100.0,
      "perfect_count": 92854,
      "total_texts": 92854,
      "total_tokens": 23155270,
      "total_chars": 52428993,
      "total_time": 24.878059148788452,
      "avg_processing_time": 0.0002679266283497582,
      "chars_per_second": 2107439.0363989975,
      "tokens_per_char": 0.44165009997426424
    },
    "word": {
      "tokenizer": "word",
      "accuracy": 100.0,
      "perfect_count": 92854,
      "total_texts": 92854,
      "total_tokens": 23170931,
      "total_chars": 52428993,
      "total_time": 28.426650285720825,
      "avg_processing_time": 0.0003061435187037804,
      "chars_per_second": 1844360.5726678232,
      "tokens_per_char": 0.4419488087440474
    },
    "char": {
      "tokenizer": "char",
      "accuracy": 100.0,
      "perfect_count": 92854,
      "total_texts": 92854,
      "total_tokens": 52428993,
      "total_chars": 52428993,
      "total_time": 53.89189791679382,
      "avg_processing_time": 0.0005803939293600041,
      "chars_per_second": 972854.8265445676,
      "tokens_per_char": 1.0
    },
    "grammar": {
      "tokenizer": "grammar",
      "accuracy": 100.0,
      "perfect_count": 92854,